"topic","year","month","value","variable_short","variable_long","location","branche_string","noga","public","description","unit","source","update"
"Wirtschaft",2020,"März",82,"anz_ausbezahlt_betrieb","Kurzarbeit ausbezahlt Anzahl Betriebe","ZH","Land- und Forstwirtschaft, Fischerei","A 01-03","ja","https://github.com/statistikZH/covid19monitoring_economy_AWA","Anzahl","Amt für Wirtschaft und Arbeit Kanton Zürich","monatlich"
"Wirtschaft",2020,"März",227,"anz_ausbezahlt_betrieb","Kurzarbeit ausbezahlt Anzahl Betriebe","ZH","Nahrungsmittel, Getränke, Tabak","C 10-12","ja","https://github.com/statistikZH/covid19monitoring_economy_AWA","Anzahl","Amt für Wirtschaft und Arbeit Kanton Zürich","monatlich"
"Wirtschaft",2020,"März",113,"anz_ausbezahlt_betrieb","Kurzarbeit ausbezahlt Anzahl Betriebe","ZH","Herstellung von Textilien, Bekleidung, Leder, Lederwaren und Schuhen","C 13-15","ja","https://github.com/statistikZH/covid19monitoring_economy_AWA","Anzahl","Amt für Wirtschaft und Arbeit Kanton Zürich","monatlich"
"Wirtschaft",2020,"März",171,"anz_ausbezahlt_betrieb","Kurzarbeit ausbezahlt Anzahl Betriebe","ZH","Herstellung von Holzwaren, Papier, Pappe und Waren daraus, Herstellung von Druckerzeugnissen","C 16-18","ja","https://github.com/statistikZH/covid19monitoring_economy_AWA","Anzahl","Amt für Wirtschaft und Arbeit Kanton Zürich","monatlich"
"Wirtschaft",2020,"März",29,"anz_ausbezahlt_betrieb","Kurzarbeit ausbezahlt Anzahl Betriebe","ZH","Chemische Industrie, Mineralölverarbeitung","C 19-21","ja","https://github.com/statistikZH/covid19monitoring_economy_AWA","Anzahl","Amt für Wirtschaft und Arbeit Kanton Zürich","monatlich"
"Wirtschaft",2020,"März",28,"anz_ausbezahlt_betrieb","Kurzarbeit ausbezahlt Anzahl Betriebe","ZH","Herstellung von Gummi- und Kunststoffwaren sowie von Glas und Glaswaren, Keramik, Verarbeitung von Steinen und Erden","C 22+23","ja","https://github.com/statistikZH/covid19monitoring_economy_AWA","Anzahl","Amt für Wirtschaft und Arbeit Kanton Zürich","monatlich"
"Wirtschaft",2020,"März",88,"anz_ausbezahlt_betrieb","Kurzarbeit ausbezahlt Anzahl Betriebe","ZH","Metallerzeugung, Metallerzeugnisse","C 24-25","ja","https://github.com/statistikZH/covid19monitoring_economy_AWA","Anzahl","Amt für Wirtschaft und Arbeit Kanton Zürich","monatlich"
"Wirtschaft",2020,"März",75,"anz_ausbezahlt_betrieb","Kurzarbeit ausbezahlt Anzahl Betriebe","ZH","Elektrotechnik, Elektronik, Uhren, Optik","C 26-27","ja","https://github.com/statistikZH/covid19monitoring_economy_AWA","Anzahl","Amt für Wirtschaft und Arbeit Kanton Zürich","monatlich"
"Wirtschaft",2020,"März",58,"anz_ausbezahlt_betrieb","Kurzarbeit ausbezahlt Anzahl Betriebe","ZH","Maschinenbau","C 28","ja","https://github.com/statistikZH/covid19monitoring_economy_AWA","Anzahl","Amt für Wirtschaft und Arbeit Kanton Zürich","monatlich"
"Wirtschaft",2020,"März",239,"anz_ausbezahlt_betrieb","Kurzarbeit ausbezahlt Anzahl Betriebe","ZH","Möbel; Reparatur von Maschinen","C 31-33","ja","https://github.com/statistikZH/covid19monitoring_economy_AWA","Anzahl","Amt für Wirtschaft und Arbeit Kanton Zürich","monatlich"
"Wirtschaft",2020,"März",887,"anz_ausbezahlt_betrieb","Kurzarbeit ausbezahlt Anzahl Betriebe","ZH","Baugewerbe","F 41-43","ja","https://github.com/statistikZH/covid19monitoring_economy_AWA","Anzahl","Amt für Wirtschaft und Arbeit Kanton Zürich","monatlich"
"Wirtschaft",2020,"März",748,"anz_ausbezahlt_betrieb","Kurzarbeit ausbezahlt Anzahl Betriebe","ZH","Handel mit Motorfahrzeugen; Instandhaltung und Reparatur von Motorfahrzeugen","G 45","ja","https://github.com/statistikZH/covid19monitoring_economy_AWA","Anzahl","Amt für Wirtschaft und Arbeit Kanton Zürich","monatlich"
"Wirtschaft",2020,"März",1308,"anz_ausbezahlt_betrieb","Kurzarbeit ausbezahlt Anzahl Betriebe","ZH","Grosshandel","G 46","ja","https://github.com/statistikZH/covid19monitoring_economy_AWA","Anzahl","Amt für Wirtschaft und Arbeit Kanton Zürich","monatlich"
"Wirtschaft",2020,"März",1884,"anz_ausbezahlt_betrieb","Kurzarbeit ausbezahlt Anzahl Betriebe","ZH","Detailhandel","G 47","ja","https://github.com/statistikZH/covid19monitoring_economy_AWA","Anzahl","Amt für Wirtschaft und Arbeit Kanton Zürich","monatlich"
"Wirtschaft",2020,"März",526,"anz_ausbezahlt_betrieb","Kurzarbeit ausbezahlt Anzahl Betriebe","ZH","Verkehr und Transport","H 49-53","ja","https://github.com/statistikZH/covid19monitoring_economy_AWA","Anzahl","Amt für Wirtschaft und Arbeit Kanton Zürich","monatlich"
"Wirtschaft",2020,"März",3049,"anz_ausbezahlt_betrieb","Kurzarbeit ausbezahlt Anzahl Betriebe","ZH","Gastgewerbe","I 55-56","ja","https://github.com/statistikZH/covid19monitoring_economy_AWA","Anzahl","Amt für Wirtschaft und Arbeit Kanton Zürich","monatlich"
"Wirtschaft",2020,"März",405,"anz_ausbezahlt_betrieb","Kurzarbeit ausbezahlt Anzahl Betriebe","ZH","Information und Kommunikation","J 58-63","ja","https://github.com/statistikZH/covid19monitoring_economy_AWA","Anzahl","Amt für Wirtschaft und Arbeit Kanton Zürich","monatlich"
"Wirtschaft",2020,"März",301,"anz_ausbezahlt_betrieb","Kurzarbeit ausbezahlt Anzahl Betriebe","ZH","Finanz- und Versicherungsdienstleistungen","K 64-66","ja","https://github.com/statistikZH/covid19monitoring_economy_AWA","Anzahl","Amt für Wirtschaft und Arbeit Kanton Zürich","monatlich"
"Wirtschaft",2020,"März",213,"anz_ausbezahlt_betrieb","Kurzarbeit ausbezahlt Anzahl Betriebe","ZH","Grundstücks- und Wohnnungswesen","L 68","ja","https://github.com/statistikZH/covid19monitoring_economy_AWA","Anzahl","Amt für Wirtschaft und Arbeit Kanton Zürich","monatlich"
"Wirtschaft",2020,"März",2446,"anz_ausbezahlt_betrieb","Kurzarbeit ausbezahlt Anzahl Betriebe","ZH","Freiberufliche, technische und wissenschaftliche DL","M 69-75","ja","https://github.com/statistikZH/covid19monitoring_economy_AWA","Anzahl","Amt für Wirtschaft und Arbeit Kanton Zürich","monatlich"
"Wirtschaft",2020,"März",1219,"anz_ausbezahlt_betrieb","Kurzarbeit ausbezahlt Anzahl Betriebe","ZH","Sonstige wirtschaftliche Dienstleistungen","N 77-82","ja","https://github.com/statistikZH/covid19monitoring_economy_AWA","Anzahl","Amt für Wirtschaft und Arbeit Kanton Zürich","monatlich"
"Wirtschaft",2020,"März",702,"anz_ausbezahlt_betrieb","Kurzarbeit ausbezahlt Anzahl Betriebe","ZH","Gesundheits- und Sozialwesen","Q 86-88","ja","https://github.com/statistikZH/covid19monitoring_economy_AWA","Anzahl","Amt für Wirtschaft und Arbeit Kanton Zürich","monatlich"
"Wirtschaft",2020,"März",2136,"anz_ausbezahlt_betrieb","Kurzarbeit ausbezahlt Anzahl Betriebe","ZH","Kunst, Unterhaltung und Erholung","R 90-93","ja","https://github.com/statistikZH/covid19monitoring_economy_AWA","Anzahl","Amt für Wirtschaft und Arbeit Kanton Zürich","monatlich"
"Wirtschaft",2020,"März",735,"anz_ausbezahlt_betrieb","Kurzarbeit ausbezahlt Anzahl Betriebe","ZH","Sonstige Dienstleistungen","S 94-96","ja","https://github.com/statistikZH/covid19monitoring_economy_AWA","Anzahl","Amt für Wirtschaft und Arbeit Kanton Zürich","monatlich"
"Wirtschaft",2020,"März",19283,"anz_ausbezahlt_betrieb","Kurzarbeit ausbezahlt Anzahl Betriebe","ZH","Alle Branchen","Alle Branchen","ja","https://github.com/statistikZH/covid19monitoring_economy_AWA","Anzahl","Amt für Wirtschaft und Arbeit Kanton Zürich","monatlich"
"Wirtschaft",2020,"März",642,"anz_ausbezahlt_besch","Kurzarbeit ausbezahlt Anzahl Beschäftigte","ZH","Land- und Forstwirtschaft, Fischerei","A 01-03","ja","https://github.com/statistikZH/covid19monitoring_economy_AWA","Anzahl","Amt für Wirtschaft und Arbeit Kanton Zürich","monatlich"
"Wirtschaft",2020,"März",4431,"anz_ausbezahlt_besch","Kurzarbeit ausbezahlt Anzahl Beschäftigte","ZH","Nahrungsmittel, Getränke, Tabak","C 10-12","ja","https://github.com/statistikZH/covid19monitoring_economy_AWA","Anzahl","Amt für Wirtschaft und Arbeit Kanton Zürich","monatlich"
"Wirtschaft",2020,"März",2013,"anz_ausbezahlt_besch","Kurzarbeit ausbezahlt Anzahl Beschäftigte","ZH","Herstellung von Textilien, Bekleidung, Leder, Lederwaren und Schuhen","C 13-15","ja","https://github.com/statistikZH/covid19monitoring_economy_AWA","Anzahl","Amt für Wirtschaft und Arbeit Kanton Zürich","monatlich"
"Wirtschaft",2020,"März",902,"anz_ausbezahlt_besch","Kurzarbeit ausbezahlt Anzahl Beschäftigte","ZH","Herstellung von Holzwaren, Papier, Pappe und Waren daraus, Herstellung von Druckerzeugnissen","C 16-18","ja","https://github.com/statistikZH/covid19monitoring_economy_AWA","Anzahl","Amt für Wirtschaft und Arbeit Kanton Zürich","monatlich"
"Wirtschaft",2020,"März",209,"anz_ausbezahlt_besch","Kurzarbeit ausbezahlt Anzahl Beschäftigte","ZH","Chemische Industrie, Mineralölverarbeitung","C 19-21","ja","https://github.com/statistikZH/covid19monitoring_economy_AWA","Anzahl","Amt für Wirtschaft und Arbeit Kanton Zürich","monatlich"
"Wirtschaft",2020,"März",326,"anz_ausbezahlt_besch","Kurzarbeit ausbezahlt Anzahl Beschäftigte","ZH","Herstellung von Gummi- und Kunststoffwaren sowie von Glas und Glaswaren, Keramik, Verarbeitung von Steinen und Erden","C 22+23","ja","https://github.com/statistikZH/covid19monitoring_economy_AWA","Anzahl","Amt für Wirtschaft und Arbeit Kanton Zürich","monatlich"
"Wirtschaft",2020,"März",502,"anz_ausbezahlt_besch","Kurzarbeit ausbezahlt Anzahl Beschäftigte","ZH","Metallerzeugung, Metallerzeugnisse","C 24-25","ja","https://github.com/statistikZH/covid19monitoring_economy_AWA","Anzahl","Amt für Wirtschaft und Arbeit Kanton Zürich","monatlich"
"Wirtschaft",2020,"März",485,"anz_ausbezahlt_besch","Kurzarbeit ausbezahlt Anzahl Beschäftigte","ZH","Elektrotechnik, Elektronik, Uhren, Optik","C 26-27","ja","https://github.com/statistikZH/covid19monitoring_economy_AWA","Anzahl","Amt für Wirtschaft und Arbeit Kanton Zürich","monatlich"
"Wirtschaft",2020,"März",775,"anz_ausbezahlt_besch","Kurzarbeit ausbezahlt Anzahl Beschäftigte","ZH","Maschinenbau","C 28","ja","https://github.com/statistikZH/covid19monitoring_economy_AWA","Anzahl","Amt für Wirtschaft und Arbeit Kanton Zürich","monatlich"
"Wirtschaft",2020,"März",1829,"anz_ausbezahlt_besch","Kurzarbeit ausbezahlt Anzahl Beschäftigte","ZH","Möbel; Reparatur von Maschinen","C 31-33","ja","https://github.com/statistikZH/covid19monitoring_economy_AWA","Anzahl","Amt für Wirtschaft und Arbeit Kanton Zürich","monatlich"
"Wirtschaft",2020,"März",3571,"anz_ausbezahlt_besch","Kurzarbeit ausbezahlt Anzahl Beschäftigte","ZH","Baugewerbe","F 41-43","ja","https://github.com/statistikZH/covid19monitoring_economy_AWA","Anzahl","Amt für Wirtschaft und Arbeit Kanton Zürich","monatlich"
"Wirtschaft",2020,"März",3506,"anz_ausbezahlt_besch","Kurzarbeit ausbezahlt Anzahl Beschäftigte","ZH","Handel mit Motorfahrzeugen; Instandhaltung und Reparatur von Motorfahrzeugen","G 45","ja","https://github.com/statistikZH/covid19monitoring_economy_AWA","Anzahl","Amt für Wirtschaft und Arbeit Kanton Zürich","monatlich"
"Wirtschaft",2020,"März",9859,"anz_ausbezahlt_besch","Kurzarbeit ausbezahlt Anzahl Beschäftigte","ZH","Grosshandel","G 46","ja","https://github.com/statistikZH/covid19monitoring_economy_AWA","Anzahl","Amt für Wirtschaft und Arbeit Kanton Zürich","monatlich"
"Wirtschaft",2020,"März",12064,"anz_ausbezahlt_besch","Kurzarbeit ausbezahlt Anzahl Beschäftigte","ZH","Detailhandel","G 47","ja","https://github.com/statistikZH/covid19monitoring_economy_AWA","Anzahl","Amt für Wirtschaft und Arbeit Kanton Zürich","monatlich"
"Wirtschaft",2020,"März",16042,"anz_ausbezahlt_besch","Kurzarbeit ausbezahlt Anzahl Beschäftigte","ZH","Verkehr und Transport","H 49-53","ja","https://github.com/statistikZH/covid19monitoring_economy_AWA","Anzahl","Amt für Wirtschaft und Arbeit Kanton Zürich","monatlich"
"Wirtschaft",2020,"März",34093,"anz_ausbezahlt_besch","Kurzarbeit ausbezahlt Anzahl Beschäftigte","ZH","Gastgewerbe","I 55-56","ja","https://github.com/statistikZH/covid19monitoring_economy_AWA","Anzahl","Amt für Wirtschaft und Arbeit Kanton Zürich","monatlich"
"Wirtschaft",2020,"März",2416,"anz_ausbezahlt_besch","Kurzarbeit ausbezahlt Anzahl Beschäftigte","ZH","Information und Kommunikation","J 58-63","ja","https://github.com/statistikZH/covid19monitoring_economy_AWA","Anzahl","Amt für Wirtschaft und Arbeit Kanton Zürich","monatlich"
"Wirtschaft",2020,"März",1251,"anz_ausbezahlt_besch","Kurzarbeit ausbezahlt Anzahl Beschäftigte","ZH","Finanz- und Versicherungsdienstleistungen","K 64-66","ja","https://github.com/statistikZH/covid19monitoring_economy_AWA","Anzahl","Amt für Wirtschaft und Arbeit Kanton Zürich","monatlich"
"Wirtschaft",2020,"März",886,"anz_ausbezahlt_besch","Kurzarbeit ausbezahlt Anzahl Beschäftigte","ZH","Grundstücks- und Wohnnungswesen","L 68","ja","https://github.com/statistikZH/covid19monitoring_economy_AWA","Anzahl","Amt für Wirtschaft und Arbeit Kanton Zürich","monatlich"
"Wirtschaft",2020,"März",21050,"anz_ausbezahlt_besch","Kurzarbeit ausbezahlt Anzahl Beschäftigte","ZH","Freiberufliche, technische und wissenschaftliche DL","M 69-75","ja","https://github.com/statistikZH/covid19monitoring_economy_AWA","Anzahl","Amt für Wirtschaft und Arbeit Kanton Zürich","monatlich"
"Wirtschaft",2020,"März",23449,"anz_ausbezahlt_besch","Kurzarbeit ausbezahlt Anzahl Beschäftigte","ZH","Sonstige wirtschaftliche Dienstleistungen","N 77-82","ja","https://github.com/statistikZH/covid19monitoring_economy_AWA","Anzahl","Amt für Wirtschaft und Arbeit Kanton Zürich","monatlich"
"Wirtschaft",2020,"März",6461,"anz_ausbezahlt_besch","Kurzarbeit ausbezahlt Anzahl Beschäftigte","ZH","Gesundheits- und Sozialwesen","Q 86-88","ja","https://github.com/statistikZH/covid19monitoring_economy_AWA","Anzahl","Amt für Wirtschaft und Arbeit Kanton Zürich","monatlich"
"Wirtschaft",2020,"März",12132,"anz_ausbezahlt_besch","Kurzarbeit ausbezahlt Anzahl Beschäftigte","ZH","Kunst, Unterhaltung und Erholung","R 90-93","ja","https://github.com/statistikZH/covid19monitoring_economy_AWA","Anzahl","Amt für Wirtschaft und Arbeit Kanton Zürich","monatlich"
"Wirtschaft",2020,"März",9385,"anz_ausbezahlt_besch","Kurzarbeit ausbezahlt Anzahl Beschäftigte","ZH","Sonstige Dienstleistungen","S 94-96","ja","https://github.com/statistikZH/covid19monitoring_economy_AWA","Anzahl","Amt für Wirtschaft und Arbeit Kanton Zürich","monatlich"
"Wirtschaft",2020,"März",175376,"anz_ausbezahlt_besch","Kurzarbeit ausbezahlt Anzahl Beschäftigte","ZH","Alle Branchen","Alle Branchen","ja","https://github.com/statistikZH/covid19monitoring_economy_AWA","Anzahl","Amt für Wirtschaft und Arbeit Kanton Zürich","monatlich"
"Wirtschaft",2020,"April",90,"anz_ausbezahlt_betrieb","Kurzarbeit ausbezahlt Anzahl Betriebe","ZH","Land- und Forstwirtschaft, Fischerei","A 01-03","ja","https://github.com/statistikZH/covid19monitoring_economy_AWA","Anzahl","Amt für Wirtschaft und Arbeit Kanton Zürich","monatlich"
"Wirtschaft",2020,"April",289,"anz_ausbezahlt_betrieb","Kurzarbeit ausbezahlt Anzahl Betriebe","ZH","Nahrungsmittel, Getränke, Tabak","C 10-12","ja","https://github.com/statistikZH/covid19monitoring_economy_AWA","Anzahl","Amt für Wirtschaft und Arbeit Kanton Zürich","monatlich"
"Wirtschaft",2020,"April",133,"anz_ausbezahlt_betrieb","Kurzarbeit ausbezahlt Anzahl Betriebe","ZH","Herstellung von Textilien, Bekleidung, Leder, Lederwaren und Schuhen","C 13-15","ja","https://github.com/statistikZH/covid19monitoring_economy_AWA","Anzahl","Amt für Wirtschaft und Arbeit Kanton Zürich","monatlich"
"Wirtschaft",2020,"April",285,"anz_ausbezahlt_betrieb","Kurzarbeit ausbezahlt Anzahl Betriebe","ZH","Herstellung von Holzwaren, Papier, Pappe und Waren daraus, Herstellung von Druckerzeugnissen","C 16-18","ja","https://github.com/statistikZH/covid19monitoring_economy_AWA","Anzahl","Amt für Wirtschaft und Arbeit Kanton Zürich","monatlich"
"Wirtschaft",2020,"April",53,"anz_ausbezahlt_betrieb","Kurzarbeit ausbezahlt Anzahl Betriebe","ZH","Chemische Industrie, Mineralölverarbeitung","C 19-21","ja","https://github.com/statistikZH/covid19monitoring_economy_AWA","Anzahl","Amt für Wirtschaft und Arbeit Kanton Zürich","monatlich"
"Wirtschaft",2020,"April",65,"anz_ausbezahlt_betrieb","Kurzarbeit ausbezahlt Anzahl Betriebe","ZH","Herstellung von Gummi- und Kunststoffwaren sowie von Glas und Glaswaren, Keramik, Verarbeitung von Steinen und Erden","C 22+23","ja","https://github.com/statistikZH/covid19monitoring_economy_AWA","Anzahl","Amt für Wirtschaft und Arbeit Kanton Zürich","monatlich"
"Wirtschaft",2020,"April",198,"anz_ausbezahlt_betrieb","Kurzarbeit ausbezahlt Anzahl Betriebe","ZH","Metallerzeugung, Metallerzeugnisse","C 24-25","ja","https://github.com/statistikZH/covid19monitoring_economy_AWA","Anzahl","Amt für Wirtschaft und Arbeit Kanton Zürich","monatlich"
"Wirtschaft",2020,"April",213,"anz_ausbezahlt_betrieb","Kurzarbeit ausbezahlt Anzahl Betriebe","ZH","Elektrotechnik, Elektronik, Uhren, Optik","C 26-27","ja","https://github.com/statistikZH/covid19monitoring_economy_AWA","Anzahl","Amt für Wirtschaft und Arbeit Kanton Zürich","monatlich"
"Wirtschaft",2020,"April",158,"anz_ausbezahlt_betrieb","Kurzarbeit ausbezahlt Anzahl Betriebe","ZH","Maschinenbau","C 28","ja","https://github.com/statistikZH/covid19monitoring_economy_AWA","Anzahl","Amt für Wirtschaft und Arbeit Kanton Zürich","monatlich"
"Wirtschaft",2020,"April",14,"anz_ausbezahlt_betrieb","Kurzarbeit ausbezahlt Anzahl Betriebe","ZH","Fahrzeugbau","C 29","ja","https://github.com/statistikZH/covid19monitoring_economy_AWA","Anzahl","Amt für Wirtschaft und Arbeit Kanton Zürich","monatlich"
"Wirtschaft",2020,"April",302,"anz_ausbezahlt_betrieb","Kurzarbeit ausbezahlt Anzahl Betriebe","ZH","Möbel; Reparatur von Maschinen","C 31-33","ja","https://github.com/statistikZH/covid19monitoring_economy_AWA","Anzahl","Amt für Wirtschaft und Arbeit Kanton Zürich","monatlich"
"Wirtschaft",2020,"April",31,"anz_ausbezahlt_betrieb","Kurzarbeit ausbezahlt Anzahl Betriebe","ZH","Recycling; Wasserversorgung","E 36-39","ja","https://github.com/statistikZH/covid19monitoring_economy_AWA","Anzahl","Amt für Wirtschaft und Arbeit Kanton Zürich","monatlich"
"Wirtschaft",2020,"April",1343,"anz_ausbezahlt_betrieb","Kurzarbeit ausbezahlt Anzahl Betriebe","ZH","Baugewerbe","F 41-43","ja","https://github.com/statistikZH/covid19monitoring_economy_AWA","Anzahl","Amt für Wirtschaft und Arbeit Kanton Zürich","monatlich"
"Wirtschaft",2020,"April",947,"anz_ausbezahlt_betrieb","Kurzarbeit ausbezahlt Anzahl Betriebe","ZH","Handel mit Motorfahrzeugen; Instandhaltung und Reparatur von Motorfahrzeugen","G 45","ja","https://github.com/statistikZH/covid19monitoring_economy_AWA","Anzahl","Amt für Wirtschaft und Arbeit Kanton Zürich","monatlich"
"Wirtschaft",2020,"April",1913,"anz_ausbezahlt_betrieb","Kurzarbeit ausbezahlt Anzahl Betriebe","ZH","Grosshandel","G 46","ja","https://github.com/statistikZH/covid19monitoring_economy_AWA","Anzahl","Amt für Wirtschaft und Arbeit Kanton Zürich","monatlich"
"Wirtschaft",2020,"April",2051,"anz_ausbezahlt_betrieb","Kurzarbeit ausbezahlt Anzahl Betriebe","ZH","Detailhandel","G 47","ja","https://github.com/statistikZH/covid19monitoring_economy_AWA","Anzahl","Amt für Wirtschaft und Arbeit Kanton Zürich","monatlich"
"Wirtschaft",2020,"April",702,"anz_ausbezahlt_betrieb","Kurzarbeit ausbezahlt Anzahl Betriebe","ZH","Verkehr und Transport","H 49-53","ja","https://github.com/statistikZH/covid19monitoring_economy_AWA","Anzahl","Amt für Wirtschaft und Arbeit Kanton Zürich","monatlich"
"Wirtschaft",2020,"April",3038,"anz_ausbezahlt_betrieb","Kurzarbeit ausbezahlt Anzahl Betriebe","ZH","Gastgewerbe","I 55-56","ja","https://github.com/statistikZH/covid19monitoring_economy_AWA","Anzahl","Amt für Wirtschaft und Arbeit Kanton Zürich","monatlich"
"Wirtschaft",2020,"April",556,"anz_ausbezahlt_betrieb","Kurzarbeit ausbezahlt Anzahl Betriebe","ZH","Information und Kommunikation","J 58-63","ja","https://github.com/statistikZH/covid19monitoring_economy_AWA","Anzahl","Amt für Wirtschaft und Arbeit Kanton Zürich","monatlich"
"Wirtschaft",2020,"April",410,"anz_ausbezahlt_betrieb","Kurzarbeit ausbezahlt Anzahl Betriebe","ZH","Finanz- und Versicherungsdienstleistungen","K 64-66","ja","https://github.com/statistikZH/covid19monitoring_economy_AWA","Anzahl","Amt für Wirtschaft und Arbeit Kanton Zürich","monatlich"
"Wirtschaft",2020,"April",284,"anz_ausbezahlt_betrieb","Kurzarbeit ausbezahlt Anzahl Betriebe","ZH","Grundstücks- und Wohnnungswesen","L 68","ja","https://github.com/statistikZH/covid19monitoring_economy_AWA","Anzahl","Amt für Wirtschaft und Arbeit Kanton Zürich","monatlich"
"Wirtschaft",2020,"April",3615,"anz_ausbezahlt_betrieb","Kurzarbeit ausbezahlt Anzahl Betriebe","ZH","Freiberufliche, technische und wissenschaftliche DL","M 69-75","ja","https://github.com/statistikZH/covid19monitoring_economy_AWA","Anzahl","Amt für Wirtschaft und Arbeit Kanton Zürich","monatlich"
"Wirtschaft",2020,"April",1675,"anz_ausbezahlt_betrieb","Kurzarbeit ausbezahlt Anzahl Betriebe","ZH","Sonstige wirtschaftliche Dienstleistungen","N 77-82","ja","https://github.com/statistikZH/covid19monitoring_economy_AWA","Anzahl","Amt für Wirtschaft und Arbeit Kanton Zürich","monatlich"
"Wirtschaft",2020,"April",799,"anz_ausbezahlt_betrieb","Kurzarbeit ausbezahlt Anzahl Betriebe","ZH","Gesundheits- und Sozialwesen","Q 86-88","ja","https://github.com/statistikZH/covid19monitoring_economy_AWA","Anzahl","Amt für Wirtschaft und Arbeit Kanton Zürich","monatlich"
"Wirtschaft",2020,"April",2733,"anz_ausbezahlt_betrieb","Kurzarbeit ausbezahlt Anzahl Betriebe","ZH","Kunst, Unterhaltung und Erholung","R 90-93","ja","https://github.com/statistikZH/covid19monitoring_economy_AWA","Anzahl","Amt für Wirtschaft und Arbeit Kanton Zürich","monatlich"
"Wirtschaft",2020,"April",868,"anz_ausbezahlt_betrieb","Kurzarbeit ausbezahlt Anzahl Betriebe","ZH","Sonstige Dienstleistungen","S 94-96","ja","https://github.com/statistikZH/covid19monitoring_economy_AWA","Anzahl","Amt für Wirtschaft und Arbeit Kanton Zürich","monatlich"
"Wirtschaft",2020,"April",24445,"anz_ausbezahlt_betrieb","Kurzarbeit ausbezahlt Anzahl Betriebe","ZH","Alle Branchen","Alle Branchen","ja","https://github.com/statistikZH/covid19monitoring_economy_AWA","Anzahl","Amt für Wirtschaft und Arbeit Kanton Zürich","monatlich"
"Wirtschaft",2020,"April",675,"anz_ausbezahlt_besch","Kurzarbeit ausbezahlt Anzahl Beschäftigte","ZH","Land- und Forstwirtschaft, Fischerei","A 01-03","ja","https://github.com/statistikZH/covid19monitoring_economy_AWA","Anzahl","Amt für Wirtschaft und Arbeit Kanton Zürich","monatlich"
"Wirtschaft",2020,"April",5715,"anz_ausbezahlt_besch","Kurzarbeit ausbezahlt Anzahl Beschäftigte","ZH","Nahrungsmittel, Getränke, Tabak","C 10-12","ja","https://github.com/statistikZH/covid19monitoring_economy_AWA","Anzahl","Amt für Wirtschaft und Arbeit Kanton Zürich","monatlich"
"Wirtschaft",2020,"April",2316,"anz_ausbezahlt_besch","Kurzarbeit ausbezahlt Anzahl Beschäftigte","ZH","Herstellung von Textilien, Bekleidung, Leder, Lederwaren und Schuhen","C 13-15","ja","https://github.com/statistikZH/covid19monitoring_economy_AWA","Anzahl","Amt für Wirtschaft und Arbeit Kanton Zürich","monatlich"
"Wirtschaft",2020,"April",1790,"anz_ausbezahlt_besch","Kurzarbeit ausbezahlt Anzahl Beschäftigte","ZH","Herstellung von Holzwaren, Papier, Pappe und Waren daraus, Herstellung von Druckerzeugnissen","C 16-18","ja","https://github.com/statistikZH/covid19monitoring_economy_AWA","Anzahl","Amt für Wirtschaft und Arbeit Kanton Zürich","monatlich"
"Wirtschaft",2020,"April",485,"anz_ausbezahlt_besch","Kurzarbeit ausbezahlt Anzahl Beschäftigte","ZH","Chemische Industrie, Mineralölverarbeitung","C 19-21","ja","https://github.com/statistikZH/covid19monitoring_economy_AWA","Anzahl","Amt für Wirtschaft und Arbeit Kanton Zürich","monatlich"
"Wirtschaft",2020,"April",761,"anz_ausbezahlt_besch","Kurzarbeit ausbezahlt Anzahl Beschäftigte","ZH","Herstellung von Gummi- und Kunststoffwaren sowie von Glas und Glaswaren, Keramik, Verarbeitung von Steinen und Erden","C 22+23","ja","https://github.com/statistikZH/covid19monitoring_economy_AWA","Anzahl","Amt für Wirtschaft und Arbeit Kanton Zürich","monatlich"
"Wirtschaft",2020,"April",2277,"anz_ausbezahlt_besch","Kurzarbeit ausbezahlt Anzahl Beschäftigte","ZH","Metallerzeugung, Metallerzeugnisse","C 24-25","ja","https://github.com/statistikZH/covid19monitoring_economy_AWA","Anzahl","Amt für Wirtschaft und Arbeit Kanton Zürich","monatlich"
"Wirtschaft",2020,"April",4804,"anz_ausbezahlt_besch","Kurzarbeit ausbezahlt Anzahl Beschäftigte","ZH","Elektrotechnik, Elektronik, Uhren, Optik","C 26-27","ja","https://github.com/statistikZH/covid19monitoring_economy_AWA","Anzahl","Amt für Wirtschaft und Arbeit Kanton Zürich","monatlich"
"Wirtschaft",2020,"April",2937,"anz_ausbezahlt_besch","Kurzarbeit ausbezahlt Anzahl Beschäftigte","ZH","Maschinenbau","C 28","ja","https://github.com/statistikZH/covid19monitoring_economy_AWA","Anzahl","Amt für Wirtschaft und Arbeit Kanton Zürich","monatlich"
"Wirtschaft",2020,"April",664,"anz_ausbezahlt_besch","Kurzarbeit ausbezahlt Anzahl Beschäftigte","ZH","Fahrzeugbau","C 29","ja","https://github.com/statistikZH/covid19monitoring_economy_AWA","Anzahl","Amt für Wirtschaft und Arbeit Kanton Zürich","monatlich"
"Wirtschaft",2020,"April",2990,"anz_ausbezahlt_besch","Kurzarbeit ausbezahlt Anzahl Beschäftigte","ZH","Möbel; Reparatur von Maschinen","C 31-33","ja","https://github.com/statistikZH/covid19monitoring_economy_AWA","Anzahl","Amt für Wirtschaft und Arbeit Kanton Zürich","monatlich"
"Wirtschaft",2020,"April",278,"anz_ausbezahlt_besch","Kurzarbeit ausbezahlt Anzahl Beschäftigte","ZH","Recycling; Wasserversorgung","E 36-39","ja","https://github.com/statistikZH/covid19monitoring_economy_AWA","Anzahl","Amt für Wirtschaft und Arbeit Kanton Zürich","monatlich"
"Wirtschaft",2020,"April",6929,"anz_ausbezahlt_besch","Kurzarbeit ausbezahlt Anzahl Beschäftigte","ZH","Baugewerbe","F 41-43","ja","https://github.com/statistikZH/covid19monitoring_economy_AWA","Anzahl","Amt für Wirtschaft und Arbeit Kanton Zürich","monatlich"
"Wirtschaft",2020,"April",5745,"anz_ausbezahlt_besch","Kurzarbeit ausbezahlt Anzahl Beschäftigte","ZH","Handel mit Motorfahrzeugen; Instandhaltung und Reparatur von Motorfahrzeugen","G 45","ja","https://github.com/statistikZH/covid19monitoring_economy_AWA","Anzahl","Amt für Wirtschaft und Arbeit Kanton Zürich","monatlich"
"Wirtschaft",2020,"April",18634,"anz_ausbezahlt_besch","Kurzarbeit ausbezahlt Anzahl Beschäftigte","ZH","Grosshandel","G 46","ja","https://github.com/statistikZH/covid19monitoring_economy_AWA","Anzahl","Amt für Wirtschaft und Arbeit Kanton Zürich","monatlich"
"Wirtschaft",2020,"April",13790,"anz_ausbezahlt_besch","Kurzarbeit ausbezahlt Anzahl Beschäftigte","ZH","Detailhandel","G 47","ja","https://github.com/statistikZH/covid19monitoring_economy_AWA","Anzahl","Amt für Wirtschaft und Arbeit Kanton Zürich","monatlich"
"Wirtschaft",2020,"April",20098,"anz_ausbezahlt_besch","Kurzarbeit ausbezahlt Anzahl Beschäftigte","ZH","Verkehr und Transport","H 49-53","ja","https://github.com/statistikZH/covid19monitoring_economy_AWA","Anzahl","Amt für Wirtschaft und Arbeit Kanton Zürich","monatlich"
"Wirtschaft",2020,"April",31474,"anz_ausbezahlt_besch","Kurzarbeit ausbezahlt Anzahl Beschäftigte","ZH","Gastgewerbe","I 55-56","ja","https://github.com/statistikZH/covid19monitoring_economy_AWA","Anzahl","Amt für Wirtschaft und Arbeit Kanton Zürich","monatlich"
"Wirtschaft",2020,"April",5232,"anz_ausbezahlt_besch","Kurzarbeit ausbezahlt Anzahl Beschäftigte","ZH","Information und Kommunikation","J 58-63","ja","https://github.com/statistikZH/covid19monitoring_economy_AWA","Anzahl","Amt für Wirtschaft und Arbeit Kanton Zürich","monatlich"
"Wirtschaft",2020,"April",1708,"anz_ausbezahlt_besch","Kurzarbeit ausbezahlt Anzahl Beschäftigte","ZH","Finanz- und Versicherungsdienstleistungen","K 64-66","ja","https://github.com/statistikZH/covid19monitoring_economy_AWA","Anzahl","Amt für Wirtschaft und Arbeit Kanton Zürich","monatlich"
"Wirtschaft",2020,"April",1289,"anz_ausbezahlt_besch","Kurzarbeit ausbezahlt Anzahl Beschäftigte","ZH","Grundstücks- und Wohnnungswesen","L 68","ja","https://github.com/statistikZH/covid19monitoring_economy_AWA","Anzahl","Amt für Wirtschaft und Arbeit Kanton Zürich","monatlich"
"Wirtschaft",2020,"April",32793,"anz_ausbezahlt_besch","Kurzarbeit ausbezahlt Anzahl Beschäftigte","ZH","Freiberufliche, technische und wissenschaftliche DL","M 69-75","ja","https://github.com/statistikZH/covid19monitoring_economy_AWA","Anzahl","Amt für Wirtschaft und Arbeit Kanton Zürich","monatlich"
"Wirtschaft",2020,"April",30994,"anz_ausbezahlt_besch","Kurzarbeit ausbezahlt Anzahl Beschäftigte","ZH","Sonstige wirtschaftliche Dienstleistungen","N 77-82","ja","https://github.com/statistikZH/covid19monitoring_economy_AWA","Anzahl","Amt für Wirtschaft und Arbeit Kanton Zürich","monatlich"
"Wirtschaft",2020,"April",8068,"anz_ausbezahlt_besch","Kurzarbeit ausbezahlt Anzahl Beschäftigte","ZH","Gesundheits- und Sozialwesen","Q 86-88","ja","https://github.com/statistikZH/covid19monitoring_economy_AWA","Anzahl","Amt für Wirtschaft und Arbeit Kanton Zürich","monatlich"
"Wirtschaft",2020,"April",20349,"anz_ausbezahlt_besch","Kurzarbeit ausbezahlt Anzahl Beschäftigte","ZH","Kunst, Unterhaltung und Erholung","R 90-93","ja","https://github.com/statistikZH/covid19monitoring_economy_AWA","Anzahl","Amt für Wirtschaft und Arbeit Kanton Zürich","monatlich"
"Wirtschaft",2020,"April",11330,"anz_ausbezahlt_besch","Kurzarbeit ausbezahlt Anzahl Beschäftigte","ZH","Sonstige Dienstleistungen","S 94-96","ja","https://github.com/statistikZH/covid19monitoring_economy_AWA","Anzahl","Amt für Wirtschaft und Arbeit Kanton Zürich","monatlich"
"Wirtschaft",2020,"April",242749,"anz_ausbezahlt_besch","Kurzarbeit ausbezahlt Anzahl Beschäftigte","ZH","Alle Branchen","Alle Branchen","ja","https://github.com/statistikZH/covid19monitoring_economy_AWA","Anzahl","Amt für Wirtschaft und Arbeit Kanton Zürich","monatlich"
"Wirtschaft",2020,"Mai",51,"anz_ausbezahlt_betrieb","Kurzarbeit ausbezahlt Anzahl Betriebe","ZH","Land- und Forstwirtschaft, Fischerei","A 01-03","ja","https://github.com/statistikZH/covid19monitoring_economy_AWA","Anzahl","Amt für Wirtschaft und Arbeit Kanton Zürich","monatlich"
"Wirtschaft",2020,"Mai",268,"anz_ausbezahlt_betrieb","Kurzarbeit ausbezahlt Anzahl Betriebe","ZH","Nahrungsmittel, Getränke, Tabak","C 10-12","ja","https://github.com/statistikZH/covid19monitoring_economy_AWA","Anzahl","Amt für Wirtschaft und Arbeit Kanton Zürich","monatlich"
"Wirtschaft",2020,"Mai",111,"anz_ausbezahlt_betrieb","Kurzarbeit ausbezahlt Anzahl Betriebe","ZH","Herstellung von Textilien, Bekleidung, Leder, Lederwaren und Schuhen","C 13-15","ja","https://github.com/statistikZH/covid19monitoring_economy_AWA","Anzahl","Amt für Wirtschaft und Arbeit Kanton Zürich","monatlich"
"Wirtschaft",2020,"Mai",268,"anz_ausbezahlt_betrieb","Kurzarbeit ausbezahlt Anzahl Betriebe","ZH","Herstellung von Holzwaren, Papier, Pappe und Waren daraus, Herstellung von Druckerzeugnissen","C 16-18","ja","https://github.com/statistikZH/covid19monitoring_economy_AWA","Anzahl","Amt für Wirtschaft und Arbeit Kanton Zürich","monatlich"
"Wirtschaft",2020,"Mai",55,"anz_ausbezahlt_betrieb","Kurzarbeit ausbezahlt Anzahl Betriebe","ZH","Chemische Industrie, Mineralölverarbeitung","C 19-21","ja","https://github.com/statistikZH/covid19monitoring_economy_AWA","Anzahl","Amt für Wirtschaft und Arbeit Kanton Zürich","monatlich"
"Wirtschaft",2020,"Mai",59,"anz_ausbezahlt_betrieb","Kurzarbeit ausbezahlt Anzahl Betriebe","ZH","Herstellung von Gummi- und Kunststoffwaren sowie von Glas und Glaswaren, Keramik, Verarbeitung von Steinen und Erden","C 22+23","ja","https://github.com/statistikZH/covid19monitoring_economy_AWA","Anzahl","Amt für Wirtschaft und Arbeit Kanton Zürich","monatlich"
"Wirtschaft",2020,"Mai",208,"anz_ausbezahlt_betrieb","Kurzarbeit ausbezahlt Anzahl Betriebe","ZH","Metallerzeugung, Metallerzeugnisse","C 24-25","ja","https://github.com/statistikZH/covid19monitoring_economy_AWA","Anzahl","Amt für Wirtschaft und Arbeit Kanton Zürich","monatlich"
"Wirtschaft",2020,"Mai",225,"anz_ausbezahlt_betrieb","Kurzarbeit ausbezahlt Anzahl Betriebe","ZH","Elektrotechnik, Elektronik, Uhren, Optik","C 26-27","ja","https://github.com/statistikZH/covid19monitoring_economy_AWA","Anzahl","Amt für Wirtschaft und Arbeit Kanton Zürich","monatlich"
"Wirtschaft",2020,"Mai",172,"anz_ausbezahlt_betrieb","Kurzarbeit ausbezahlt Anzahl Betriebe","ZH","Maschinenbau","C 28","ja","https://github.com/statistikZH/covid19monitoring_economy_AWA","Anzahl","Amt für Wirtschaft und Arbeit Kanton Zürich","monatlich"
"Wirtschaft",2020,"Mai",13,"anz_ausbezahlt_betrieb","Kurzarbeit ausbezahlt Anzahl Betriebe","ZH","Fahrzeugbau","C 29","ja","https://github.com/statistikZH/covid19monitoring_economy_AWA","Anzahl","Amt für Wirtschaft und Arbeit Kanton Zürich","monatlich"
"Wirtschaft",2020,"Mai",250,"anz_ausbezahlt_betrieb","Kurzarbeit ausbezahlt Anzahl Betriebe","ZH","Möbel; Reparatur von Maschinen","C 31-33","ja","https://github.com/statistikZH/covid19monitoring_economy_AWA","Anzahl","Amt für Wirtschaft und Arbeit Kanton Zürich","monatlich"
"Wirtschaft",2020,"Mai",24,"anz_ausbezahlt_betrieb","Kurzarbeit ausbezahlt Anzahl Betriebe","ZH","Recycling; Wasserversorgung","E 36-39","ja","https://github.com/statistikZH/covid19monitoring_economy_AWA","Anzahl","Amt für Wirtschaft und Arbeit Kanton Zürich","monatlich"
"Wirtschaft",2020,"Mai",1127,"anz_ausbezahlt_betrieb","Kurzarbeit ausbezahlt Anzahl Betriebe","ZH","Baugewerbe","F 41-43","ja","https://github.com/statistikZH/covid19monitoring_economy_AWA","Anzahl","Amt für Wirtschaft und Arbeit Kanton Zürich","monatlich"
"Wirtschaft",2020,"Mai",690,"anz_ausbezahlt_betrieb","Kurzarbeit ausbezahlt Anzahl Betriebe","ZH","Handel mit Motorfahrzeugen; Instandhaltung und Reparatur von Motorfahrzeugen","G 45","ja","https://github.com/statistikZH/covid19monitoring_economy_AWA","Anzahl","Amt für Wirtschaft und Arbeit Kanton Zürich","monatlich"
"Wirtschaft",2020,"Mai",1666,"anz_ausbezahlt_betrieb","Kurzarbeit ausbezahlt Anzahl Betriebe","ZH","Grosshandel","G 46","ja","https://github.com/statistikZH/covid19monitoring_economy_AWA","Anzahl","Amt für Wirtschaft und Arbeit Kanton Zürich","monatlich"
"Wirtschaft",2020,"Mai",1639,"anz_ausbezahlt_betrieb","Kurzarbeit ausbezahlt Anzahl Betriebe","ZH","Detailhandel","G 47","ja","https://github.com/statistikZH/covid19monitoring_economy_AWA","Anzahl","Amt für Wirtschaft und Arbeit Kanton Zürich","monatlich"
"Wirtschaft",2020,"Mai",638,"anz_ausbezahlt_betrieb","Kurzarbeit ausbezahlt Anzahl Betriebe","ZH","Verkehr und Transport","H 49-53","ja","https://github.com/statistikZH/covid19monitoring_economy_AWA","Anzahl","Amt für Wirtschaft und Arbeit Kanton Zürich","monatlich"
"Wirtschaft",2020,"Mai",2703,"anz_ausbezahlt_betrieb","Kurzarbeit ausbezahlt Anzahl Betriebe","ZH","Gastgewerbe","I 55-56","ja","https://github.com/statistikZH/covid19monitoring_economy_AWA","Anzahl","Amt für Wirtschaft und Arbeit Kanton Zürich","monatlich"
"Wirtschaft",2020,"Mai",511,"anz_ausbezahlt_betrieb","Kurzarbeit ausbezahlt Anzahl Betriebe","ZH","Information und Kommunikation","J 58-63","ja","https://github.com/statistikZH/covid19monitoring_economy_AWA","Anzahl","Amt für Wirtschaft und Arbeit Kanton Zürich","monatlich"
"Wirtschaft",2020,"Mai",394,"anz_ausbezahlt_betrieb","Kurzarbeit ausbezahlt Anzahl Betriebe","ZH","Finanz- und Versicherungsdienstleistungen","K 64-66","ja","https://github.com/statistikZH/covid19monitoring_economy_AWA","Anzahl","Amt für Wirtschaft und Arbeit Kanton Zürich","monatlich"
"Wirtschaft",2020,"Mai",237,"anz_ausbezahlt_betrieb","Kurzarbeit ausbezahlt Anzahl Betriebe","ZH","Grundstücks- und Wohnnungswesen","L 68","ja","https://github.com/statistikZH/covid19monitoring_economy_AWA","Anzahl","Amt für Wirtschaft und Arbeit Kanton Zürich","monatlich"
"Wirtschaft",2020,"Mai",3321,"anz_ausbezahlt_betrieb","Kurzarbeit ausbezahlt Anzahl Betriebe","ZH","Freiberufliche, technische und wissenschaftliche DL","M 69-75","ja","https://github.com/statistikZH/covid19monitoring_economy_AWA","Anzahl","Amt für Wirtschaft und Arbeit Kanton Zürich","monatlich"
"Wirtschaft",2020,"Mai",1461,"anz_ausbezahlt_betrieb","Kurzarbeit ausbezahlt Anzahl Betriebe","ZH","Sonstige wirtschaftliche Dienstleistungen","N 77-82","ja","https://github.com/statistikZH/covid19monitoring_economy_AWA","Anzahl","Amt für Wirtschaft und Arbeit Kanton Zürich","monatlich"
"Wirtschaft",2020,"Mai",688,"anz_ausbezahlt_betrieb","Kurzarbeit ausbezahlt Anzahl Betriebe","ZH","Gesundheits- und Sozialwesen","Q 86-88","ja","https://github.com/statistikZH/covid19monitoring_economy_AWA","Anzahl","Amt für Wirtschaft und Arbeit Kanton Zürich","monatlich"
"Wirtschaft",2020,"Mai",1394,"anz_ausbezahlt_betrieb","Kurzarbeit ausbezahlt Anzahl Betriebe","ZH","Kunst, Unterhaltung und Erholung","R 90-93","ja","https://github.com/statistikZH/covid19monitoring_economy_AWA","Anzahl","Amt für Wirtschaft und Arbeit Kanton Zürich","monatlich"
"Wirtschaft",2020,"Mai",803,"anz_ausbezahlt_betrieb","Kurzarbeit ausbezahlt Anzahl Betriebe","ZH","Sonstige Dienstleistungen","S 94-96","ja","https://github.com/statistikZH/covid19monitoring_economy_AWA","Anzahl","Amt für Wirtschaft und Arbeit Kanton Zürich","monatlich"
"Wirtschaft",2020,"Mai",19861,"anz_ausbezahlt_betrieb","Kurzarbeit ausbezahlt Anzahl Betriebe","ZH","Alle Branchen","Alle Branchen","ja","https://github.com/statistikZH/covid19monitoring_economy_AWA","Anzahl","Amt für Wirtschaft und Arbeit Kanton Zürich","monatlich"
"Wirtschaft",2020,"Mai",262,"anz_ausbezahlt_besch","Kurzarbeit ausbezahlt Anzahl Beschäftigte","ZH","Land- und Forstwirtschaft, Fischerei","A 01-03","ja","https://github.com/statistikZH/covid19monitoring_economy_AWA","Anzahl","Amt für Wirtschaft und Arbeit Kanton Zürich","monatlich"
"Wirtschaft",2020,"Mai",4806,"anz_ausbezahlt_besch","Kurzarbeit ausbezahlt Anzahl Beschäftigte","ZH","Nahrungsmittel, Getränke, Tabak","C 10-12","ja","https://github.com/statistikZH/covid19monitoring_economy_AWA","Anzahl","Amt für Wirtschaft und Arbeit Kanton Zürich","monatlich"
"Wirtschaft",2020,"Mai",724,"anz_ausbezahlt_besch","Kurzarbeit ausbezahlt Anzahl Beschäftigte","ZH","Herstellung von Textilien, Bekleidung, Leder, Lederwaren und Schuhen","C 13-15","ja","https://github.com/statistikZH/covid19monitoring_economy_AWA","Anzahl","Amt für Wirtschaft und Arbeit Kanton Zürich","monatlich"
"Wirtschaft",2020,"Mai",1802,"anz_ausbezahlt_besch","Kurzarbeit ausbezahlt Anzahl Beschäftigte","ZH","Herstellung von Holzwaren, Papier, Pappe und Waren daraus, Herstellung von Druckerzeugnissen","C 16-18","ja","https://github.com/statistikZH/covid19monitoring_economy_AWA","Anzahl","Amt für Wirtschaft und Arbeit Kanton Zürich","monatlich"
"Wirtschaft",2020,"Mai",529,"anz_ausbezahlt_besch","Kurzarbeit ausbezahlt Anzahl Beschäftigte","ZH","Chemische Industrie, Mineralölverarbeitung","C 19-21","ja","https://github.com/statistikZH/covid19monitoring_economy_AWA","Anzahl","Amt für Wirtschaft und Arbeit Kanton Zürich","monatlich"
"Wirtschaft",2020,"Mai",702,"anz_ausbezahlt_besch","Kurzarbeit ausbezahlt Anzahl Beschäftigte","ZH","Herstellung von Gummi- und Kunststoffwaren sowie von Glas und Glaswaren, Keramik, Verarbeitung von Steinen und Erden","C 22+23","ja","https://github.com/statistikZH/covid19monitoring_economy_AWA","Anzahl","Amt für Wirtschaft und Arbeit Kanton Zürich","monatlich"
"Wirtschaft",2020,"Mai",2672,"anz_ausbezahlt_besch","Kurzarbeit ausbezahlt Anzahl Beschäftigte","ZH","Metallerzeugung, Metallerzeugnisse","C 24-25","ja","https://github.com/statistikZH/covid19monitoring_economy_AWA","Anzahl","Amt für Wirtschaft und Arbeit Kanton Zürich","monatlich"
"Wirtschaft",2020,"Mai",5340,"anz_ausbezahlt_besch","Kurzarbeit ausbezahlt Anzahl Beschäftigte","ZH","Elektrotechnik, Elektronik, Uhren, Optik","C 26-27","ja","https://github.com/statistikZH/covid19monitoring_economy_AWA","Anzahl","Amt für Wirtschaft und Arbeit Kanton Zürich","monatlich"
"Wirtschaft",2020,"Mai",3283,"anz_ausbezahlt_besch","Kurzarbeit ausbezahlt Anzahl Beschäftigte","ZH","Maschinenbau","C 28","ja","https://github.com/statistikZH/covid19monitoring_economy_AWA","Anzahl","Amt für Wirtschaft und Arbeit Kanton Zürich","monatlich"
"Wirtschaft",2020,"Mai",679,"anz_ausbezahlt_besch","Kurzarbeit ausbezahlt Anzahl Beschäftigte","ZH","Fahrzeugbau","C 29","ja","https://github.com/statistikZH/covid19monitoring_economy_AWA","Anzahl","Amt für Wirtschaft und Arbeit Kanton Zürich","monatlich"
"Wirtschaft",2020,"Mai",2655,"anz_ausbezahlt_besch","Kurzarbeit ausbezahlt Anzahl Beschäftigte","ZH","Möbel; Reparatur von Maschinen","C 31-33","ja","https://github.com/statistikZH/covid19monitoring_economy_AWA","Anzahl","Amt für Wirtschaft und Arbeit Kanton Zürich","monatlich"
"Wirtschaft",2020,"Mai",219,"anz_ausbezahlt_besch","Kurzarbeit ausbezahlt Anzahl Beschäftigte","ZH","Recycling; Wasserversorgung","E 36-39","ja","https://github.com/statistikZH/covid19monitoring_economy_AWA","Anzahl","Amt für Wirtschaft und Arbeit Kanton Zürich","monatlich"
"Wirtschaft",2020,"Mai",5452,"anz_ausbezahlt_besch","Kurzarbeit ausbezahlt Anzahl Beschäftigte","ZH","Baugewerbe","F 41-43","ja","https://github.com/statistikZH/covid19monitoring_economy_AWA","Anzahl","Amt für Wirtschaft und Arbeit Kanton Zürich","monatlich"
"Wirtschaft",2020,"Mai",3717,"anz_ausbezahlt_besch","Kurzarbeit ausbezahlt Anzahl Beschäftigte","ZH","Handel mit Motorfahrzeugen; Instandhaltung und Reparatur von Motorfahrzeugen","G 45","ja","https://github.com/statistikZH/covid19monitoring_economy_AWA","Anzahl","Amt für Wirtschaft und Arbeit Kanton Zürich","monatlich"
"Wirtschaft",2020,"Mai",15412,"anz_ausbezahlt_besch","Kurzarbeit ausbezahlt Anzahl Beschäftigte","ZH","Grosshandel","G 46","ja","https://github.com/statistikZH/covid19monitoring_economy_AWA","Anzahl","Amt für Wirtschaft und Arbeit Kanton Zürich","monatlich"
"Wirtschaft",2020,"Mai",10821,"anz_ausbezahlt_besch","Kurzarbeit ausbezahlt Anzahl Beschäftigte","ZH","Detailhandel","G 47","ja","https://github.com/statistikZH/covid19monitoring_economy_AWA","Anzahl","Amt für Wirtschaft und Arbeit Kanton Zürich","monatlich"
"Wirtschaft",2020,"Mai",19099,"anz_ausbezahlt_besch","Kurzarbeit ausbezahlt Anzahl Beschäftigte","ZH","Verkehr und Transport","H 49-53","ja","https://github.com/statistikZH/covid19monitoring_economy_AWA","Anzahl","Amt für Wirtschaft und Arbeit Kanton Zürich","monatlich"
"Wirtschaft",2020,"Mai",28520,"anz_ausbezahlt_besch","Kurzarbeit ausbezahlt Anzahl Beschäftigte","ZH","Gastgewerbe","I 55-56","ja","https://github.com/statistikZH/covid19monitoring_economy_AWA","Anzahl","Amt für Wirtschaft und Arbeit Kanton Zürich","monatlich"
"Wirtschaft",2020,"Mai",4148,"anz_ausbezahlt_besch","Kurzarbeit ausbezahlt Anzahl Beschäftigte","ZH","Information und Kommunikation","J 58-63","ja","https://github.com/statistikZH/covid19monitoring_economy_AWA","Anzahl","Amt für Wirtschaft und Arbeit Kanton Zürich","monatlich"
"Wirtschaft",2020,"Mai",1525,"anz_ausbezahlt_besch","Kurzarbeit ausbezahlt Anzahl Beschäftigte","ZH","Finanz- und Versicherungsdienstleistungen","K 64-66","ja","https://github.com/statistikZH/covid19monitoring_economy_AWA","Anzahl","Amt für Wirtschaft und Arbeit Kanton Zürich","monatlich"
"Wirtschaft",2020,"Mai",1165,"anz_ausbezahlt_besch","Kurzarbeit ausbezahlt Anzahl Beschäftigte","ZH","Grundstücks- und Wohnnungswesen","L 68","ja","https://github.com/statistikZH/covid19monitoring_economy_AWA","Anzahl","Amt für Wirtschaft und Arbeit Kanton Zürich","monatlich"
"Wirtschaft",2020,"Mai",26250,"anz_ausbezahlt_besch","Kurzarbeit ausbezahlt Anzahl Beschäftigte","ZH","Freiberufliche, technische und wissenschaftliche DL","M 69-75","ja","https://github.com/statistikZH/covid19monitoring_economy_AWA","Anzahl","Amt für Wirtschaft und Arbeit Kanton Zürich","monatlich"
"Wirtschaft",2020,"Mai",20164,"anz_ausbezahlt_besch","Kurzarbeit ausbezahlt Anzahl Beschäftigte","ZH","Sonstige wirtschaftliche Dienstleistungen","N 77-82","ja","https://github.com/statistikZH/covid19monitoring_economy_AWA","Anzahl","Amt für Wirtschaft und Arbeit Kanton Zürich","monatlich"
"Wirtschaft",2020,"Mai",6590,"anz_ausbezahlt_besch","Kurzarbeit ausbezahlt Anzahl Beschäftigte","ZH","Gesundheits- und Sozialwesen","Q 86-88","ja","https://github.com/statistikZH/covid19monitoring_economy_AWA","Anzahl","Amt für Wirtschaft und Arbeit Kanton Zürich","monatlich"
"Wirtschaft",2020,"Mai",8866,"anz_ausbezahlt_besch","Kurzarbeit ausbezahlt Anzahl Beschäftigte","ZH","Kunst, Unterhaltung und Erholung","R 90-93","ja","https://github.com/statistikZH/covid19monitoring_economy_AWA","Anzahl","Amt für Wirtschaft und Arbeit Kanton Zürich","monatlich"
"Wirtschaft",2020,"Mai",9458,"anz_ausbezahlt_besch","Kurzarbeit ausbezahlt Anzahl Beschäftigte","ZH","Sonstige Dienstleistungen","S 94-96","ja","https://github.com/statistikZH/covid19monitoring_economy_AWA","Anzahl","Amt für Wirtschaft und Arbeit Kanton Zürich","monatlich"
"Wirtschaft",2020,"Mai",190686,"anz_ausbezahlt_besch","Kurzarbeit ausbezahlt Anzahl Beschäftigte","ZH","Alle Branchen","Alle Branchen","ja","https://github.com/statistikZH/covid19monitoring_economy_AWA","Anzahl","Amt für Wirtschaft und Arbeit Kanton Zürich","monatlich"
